Gene,t0,t8,t16,t24,t48,t72,t96,t144
MGG_03806,-0.100343332,-0.100343332,-0.100343332,-0.100343332,-0.537890834,-0.100343332,-2.18066384,-0.100343332
MGG_17027,-0.100343332,-0.100343332,-0.100343332,9.491307088,-0.100343332,-0.100343332,-0.100343332,-0.100343332
MGG_17587,-0.100343332,-0.100343332,-0.100343332,9.491307088,-0.100343332,-0.100343332,-0.100343332,-0.100343332
MGG_17544,-0.100343332,-0.100343332,-0.100343332,-0.100343332,-0.100343332,-1.650815667,-0.100343332,-0.804093631
MGG_17431,-0.100343332,-0.100343332,-0.100343332,-0.100343332,-0.100343332,-0.100343332,7.831370056,-0.100343332
MGG_15703,-0.100343332,-0.100343332,-0.100343332,-0.100343332,-0.470486925,-1.650815667,-0.100343332,-0.457946475
MGG_17902,-0.100343332,-0.100343332,-0.100343332,-0.100343332,-0.100343332,-1.227086062,-1.137835664,-0.100343332
MGG_15708,-0.100343332,-0.100343332,-0.100343332,-0.100343332,-0.100343332,-1.227086062,-1.205677738,-0.100343332
MGG_17799,-0.100343332,-0.100343332,-0.100343332,4.070927275,-0.100343332,-0.100343332,-0.100343332,-0.100343332
MGG_17463,-0.100343332,-0.100343332,-0.100343332,-0.100343332,-0.465040266,-0.623609602,-0.302268256,-1.227106989
MGG_10781,-0.100343332,-0.100343332,-0.100343332,2.807879772,-0.100343332,-0.100343332,-0.100343332,-0.100343332
MGG_15106,-0.100343332,-0.100343332,-0.100343332,-1.555856669,-1.755417603,-0.100343332,-0.100343332,-0.100343332
MGG_15746,-0.100343332,-0.715652481,-0.100343332,-0.100343332,-2.221827338,-0.445784506,-0.100343332,-0.100343332
MGG_07558,-0.100343332,-0.100343332,-0.100343332,-0.100343332,13.39345722,-0.100343332,-0.577061891,-0.100343332
MGG_16529,-0.100343332,-0.715652481,-0.100343332,-1.555856669,-0.537890834,-0.100343332,-0.302268256,-0.100343332
MGG_16345,-0.100343332,-0.100343332,22.32037957,-0.100343332,-0.99972127,-0.100343332,-0.100343332,-0.100343332
MGG_17387,-0.100343332,-0.715652481,-0.100343332,-1.555856669,-0.470486925,-0.623609602,-0.100343332,-0.100343332
MGG_09425,-0.100343332,1.485463866,-0.100343332,-0.100343332,-0.100343332,-0.100343332,-0.100343332,-0.100343332
MGG_00821,-0.100343332,-0.100343332,-0.100343332,-1.555856669,-0.99972127,-0.623609602,-0.547391007,-0.100343332
MGG_02645,-0.100343332,-0.715652481,-0.100343332,-0.100343332,-0.465040266,-1.122449302,-0.683761552,-1.227106989
MGG_11620,-0.100343332,-0.100343332,22.32037957,-0.100343332,-0.886046804,-1.650815667,-0.302268256,-0.100343332
MGG_04301,-0.100343332,-0.100343332,-0.100343332,4.070927275,-2.147686191,-0.100343332,-0.683761552,-0.100343332
MGG_02989,-0.100343332,-0.100343332,-0.100343332,-0.100343332,-7.011603638,-0.623609602,-1.590362908,-0.804093631
MGG_15575,-0.100343332,-0.100343332,22.32037957,-0.100343332,-0.537890834,-0.100343332,7.831370056,-0.100343332
MGG_06231,-0.100343332,-0.100343332,-0.100343332,2.807879772,4.262202673,-0.100343332,-0.100343332,-0.100343332
MGG_08469,-0.100343332,-0.100343332,-0.100343332,-1.555856669,-0.470486925,-0.100343332,-1.148120739,11.39271134
MGG_14344,-0.100343332,-0.100343332,-0.100343332,-0.100343332,0.922399267,-0.100343332,-0.683761552,-0.100343332
MGG_00732,-0.100343332,-0.100343332,-0.100343332,-0.100343332,-1.835880005,-0.445784506,3.994010477,-0.804093631
MGG_17580,-0.100343332,-0.100343332,-1.495255559,2.807879772,-1.160452782,-0.445784506,-0.100343332,-0.100343332
MGG_17464,-0.100343332,-0.100343332,-0.100343332,-0.100343332,-7.331900835,2.543618628,-1.148120739,-0.100343332
MGG_16113,-0.100343332,-0.100343332,-1.495255559,4.070927275,-0.866883676,-0.100343332,-0.302268256,-0.804093631
MGG_01411,-0.100343332,-0.715652481,-0.100343332,4.070927275,-0.100343332,-0.623609602,-0.100343332,-67.24392216
MGG_17015,-0.100343332,-0.100343332,-0.100343332,-0.100343332,-0.99972127,1.575536782,-1.590362908,-0.457946475
MGG_18020,-0.100343332,-0.100343332,-0.100343332,1.152084509,6.00803271,-0.100343332,-0.100343332,-0.100343332
MGG_04573,-0.100343332,5.402469851,-0.100343332,4.070927275,-0.100343332,-0.100343332,-1.148120739,-0.457946475
MGG_17248,-0.100343332,-0.100343332,22.32037957,4.070927275,-1.781595785,-0.445784506,-0.100343332,-0.100343332
MGG_17355,-0.100343332,-0.100343332,-0.100343332,0.575456642,-0.100343332,-0.100343332,-0.100343332,-0.100343332
MGG_07363,-0.100343332,-0.100343332,-0.100343332,-0.100343332,0.894441291,-2.069987018,-1.137835664,-0.100343332
MGG_00305,-0.100343332,-0.100343332,-0.100343332,2.807879772,-0.100343332,1.39889671,-1.148120739,-0.100343332
MGG_01943,-0.100343332,-0.100343332,-0.100343332,-0.100343332,-0.886046804,2.543618628,1.25368714,-0.100343332
MGG_08609,-0.100343332,-0.100343332,-0.100343332,2.807879772,-1.160452782,-0.100343332,-0.100343332,1.301499284
MGG_00269,-0.100343332,-0.100343332,-1.495255559,-0.100343332,-1.011113782,0.961135792,-0.75810514,-0.100343332
MGG_17148,-0.100343332,-0.100343332,-0.100343332,-1.555856669,254.4942999,-4.02627763,-1.205677738,-1.227106989
MGG_17760,-0.100343332,-0.100343332,-0.100343332,0.54839673,-0.100343332,-0.100343332,-0.302268256,-0.100343332
MGG_08797,-0.100343332,-0.100343332,-0.100343332,-0.100343332,0.588805415,-0.100343332,-0.406747492,-0.457946475
MGG_17227,-0.100343332,-0.100343332,-0.100343332,1.284640061,0.983605635,-0.100343332,-0.100343332,-0.100343332
MGG_14422,-0.100343332,-0.100343332,-0.100343332,-0.100343332,-0.100343332,2.782575303,0.906572938,-0.804093631
MGG_15735,-0.100343332,-0.100343332,-1.495255559,1.063007254,-0.465040266,-0.100343332,-1.148120739,-1.227106989
MGG_10231,-0.100343332,-0.100343332,-1.495255559,0.611926445,-0.470486925,-0.100343332,-0.100343332,-0.100343332
MGG_10074,-0.100343332,-0.100343332,-0.100343332,-0.100343332,0.500347771,-0.100343332,-0.100343332,-0.100343332
MGG_10335,-0.100343332,-0.100343332,-0.100343332,-0.100343332,0.532550029,-0.100343332,-1.148120739,-0.100343332
MGG_15657,-0.100343332,1.554335458,-1.495255559,-0.100343332,-0.100343332,13.65804092,-0.406747492,-4.075886661
MGG_14965,-0.100343332,-0.100343332,-0.100343332,0.611926445,-6.444838638,-0.100343332,-0.547391007,-0.100343332
MGG_00629,-0.100343332,-2.50483667,-1.495255559,1.152084509,-0.470486925,-0.623609602,-1.148120739,-0.100343332
MGG_09128,-0.100343332,-0.100343332,-1.495255559,-0.100343332,0.863001817,-0.100343332,3.937326541,-0.804093631
MGG_17963,-0.100343332,-0.715652481,3.02965305,4.070927275,-0.470486925,-0.100343332,-3.664293283,-1.560911584
MGG_03079,-0.100343332,-2.50483667,-1.495255559,1.063007254,4.262202673,-0.100343332,-0.406747492,-0.100343332
MGG_16057,-0.100343332,-0.100343332,-0.100343332,1.063007254,1.08012838,-0.623609602,-1.148120739,-0.100343332
MGG_11304,-0.100343332,-2.50483667,-0.100343332,-0.100343332,4.094952647,-6.343861342,7.831370056,-4.075886661
MGG_15375,-0.100343332,0.50073297,-0.100343332,-0.100343332,-0.99972127,-0.675183105,-0.100343332,-0.100343332
MGG_12552,-0.100343332,-3.904273091,-0.100343332,-1.555856669,-0.100343332,-1.84119796,-0.406747492,0.731396199
MGG_17406,-0.100343332,-0.100343332,3.705194442,1.284640061,-7.331900835,-1.650815667,-1.148120739,-0.100343332
MGG_02139,-0.100343332,-0.100343332,-0.100343332,-0.100343332,-0.537890834,1.453701118,0.655758426,-0.842501038
MGG_01366,-0.100343332,0.986081311,3.705194442,-0.100343332,-0.100343332,1.39889671,-0.683761552,-0.100343332
MGG_13974,-0.100343332,-0.100343332,-0.100343332,0.675549109,-0.100343332,1.331957836,-3.664293283,-0.100343332
MGG_07766,-0.100343332,-0.100343332,-0.100343332,0.632031894,1.715976849,-0.100343332,-0.302268256,-4.075886661
MGG_16238,-0.100343332,5.402469851,3.705194442,-1.555856669,-0.100343332,-0.100343332,1.740062746,9.043885823
MGG_05127,-0.100343332,-0.100343332,-0.100343332,0.476064919,-0.876401915,-1.650815667,-0.100343332,-0.457946475
MGG_14662,-0.100343332,-0.100343332,3.02965305,1.284640061,-0.465040266,-4.870063738,-7.234575799,-2.902350608
MGG_16346,-0.100343332,-0.100343332,-0.100343332,0.477250533,4.262202673,-0.100343332,-0.683761552,-0.100343332
MGG_16090,-0.100343332,-2.50483667,-0.100343332,-0.100343332,0.699708726,-1.122449302,-7.234575799,11.39271134
MGG_10732,-0.100343332,-0.100343332,-0.100343332,2.807879772,2.073552188,-0.623609602,1.788520105,1.38903721
MGG_15602,-0.100343332,-0.100343332,1.143117696,0.905232262,-0.537890834,-0.623609602,1.138559355,-0.100343332
MGG_17082,-0.100343332,-0.715652481,0.700441488,-0.100343332,2.00654139,1.306815216,-0.406747492,-0.457946475
MGG_14301,-0.100343332,5.402469851,3.705194442,0.54839673,-0.465040266,-0.675183105,-0.406747492,-0.100343332
MGG_04579,-0.100343332,-0.100343332,-0.100343332,0.404355199,-13.08836379,-0.100343332,-0.100343332,-0.457946475
MGG_14898,-0.100343332,0.710849451,-0.100343332,-1.555856669,-7.011603638,2.353923204,-1.148120739,-1.658168739
MGG_14603,-0.100343332,-0.100343332,-0.100343332,-0.100343332,-0.886046804,0.808938371,16.26570464,0.607451037
MGG_02635,-0.100343332,5.402469851,3.705194442,0.768424038,14.43368352,-46.44539638,-0.547391007,-0.100343332
MGG_14725,-0.100343332,-0.100343332,-0.100343332,0.54839673,0.718817612,-0.623609602,-0.302268256,-1.227106989
MGG_16415,-0.100343332,-0.715652481,-0.100343332,0.435439179,-1.835880005,-1.84119796,-1.148120739,-0.100343332
MGG_04258,-0.100343332,-0.100343332,-0.100343332,-0.100343332,-0.470486925,0.454605232,0.986442658,-0.804093631
MGG_08451,-0.100343332,-3.904273091,-0.100343332,1.284640061,-0.886046804,2.543618628,-7.234575799,0.837673296
MGG_07919,-0.100343332,1.045477977,-0.100343332,-1.555856669,1.031596311,1.306815216,-0.899683602,-4.075886661
MGG_13863,-0.100343332,-0.100343332,-0.100343332,0.469052714,0.699923203,-0.675183105,-0.302268256,-0.457946475
MGG_08442,-0.100343332,-0.100343332,-0.100343332,0.424575261,-0.100343332,-0.445784506,7.831370056,2.281620549
MGG_12415,-0.100343332,0.512561254,0.613936889,-1.555856669,-0.465040266,-0.100343332,-0.100343332,-0.100343332
MGG_14600,-0.100343332,-0.100343332,-0.100343332,0.372689611,-0.100343332,-0.675183105,-0.100343332,5.440531424
MGG_04925,-0.100343332,-0.100343332,0.62369577,-0.100343332,-1.011113782,-1.122449302,-0.406747492,0.530060456
MGG_16059,-0.100343332,-0.100343332,-0.100343332,0.346871538,-2.147686191,-0.100343332,-0.100343332,-0.100343332
MGG_08787,-0.100343332,-0.100343332,1.143117696,0.372689611,-0.100343332,-0.100343332,-0.100343332,-0.100343332
MGG_15911,-0.100343332,-0.100343332,-0.100343332,0.515370539,0.651533264,-2.770366288,-1.148120739,-0.457946475
MGG_15507,-0.100343332,-0.100343332,-0.100343332,0.324765455,-0.100343332,-0.100343332,-0.100343332,-0.100343332
MGG_17563,-0.100343332,-0.100343332,-0.100343332,0.396010009,-0.99972127,-1.227086062,7.831370056,-1.227106989
MGG_04580,-0.100343332,-0.100343332,-0.100343332,0.447372562,0.775247534,-0.100343332,-2.37269266,-2.902350608
MGG_09666,-0.100343332,-0.100343332,-0.100343332,0.344678691,-0.100343332,-4.870063738,-0.302268256,-0.804093631
MGG_12509,-0.100343332,0.603174127,0.957760239,2.807879772,-0.99972127,-0.623609602,1.40407267,-0.100343332
MGG_11650,-0.100343332,-0.100343332,-0.100343332,-0.100343332,1.112079387,0.742290556,6.727204887,0.556015039
MGG_17579,-0.100343332,-0.100343332,-0.100343332,-0.100343332,0.630497301,0.56597331,1.788520105,5.440531424
MGG_04384,-0.100343332,-0.100343332,3.02965305,1.284640061,-15.49783116,0.844644903,0.839218065,-1.227106989
MGG_17543,-0.100343332,-2.50483667,-0.100343332,0.611926445,5.223960388,1.071292508,2.867201957,104.2517722
MGG_16759,-0.100343332,-0.100343332,-0.100343332,0.429472409,14.43368352,3.065509614,1.138559355,-0.457946475
MGG_01455,-0.100343332,-0.100343332,3.705194442,0.413393234,-7.68128063,-0.445784506,-11.93715159,-2.902350608
MGG_03791,-0.100343332,-0.100343332,-0.100343332,0.315344225,-0.470486925,-0.445784506,-0.100343332,-0.100343332
MGG_16654,-0.100343332,-0.100343332,-0.100343332,-0.100343332,0.740522174,0.504352919,1.110019364,3.654318152
MGG_18015,-0.100343332,-0.715652481,3.705194442,9.491307088,1.704942426,0.95876598,1.294511361,1.301499284
MGG_08376,-0.100343332,-0.100343332,-0.100343332,0.422446023,0.715497785,-0.623609602,-1.808799276,-4.075886661
MGG_16209,-0.100343332,0.585452559,-0.100343332,0.483453233,-0.100343332,-0.445784506,2.184469312,-1.560911584
MGG_17250,-0.100343332,-0.100343332,-0.100343332,0.387303014,0.553642855,-0.445784506,-0.302268256,-0.457946475
MGG_17567,-0.100343332,-0.100343332,-0.100343332,0.366068893,-7.331900835,-0.100343332,0.887286897,-0.804093631
MGG_15843,-0.100343332,1.667164747,3.705194442,0.537212189,-1.835880005,-1.84119796,-3.664293283,1.418397602
MGG_00380,-0.100343332,1.485463866,-0.100343332,0.562427307,0.443909549,-0.100343332,-0.406747492,-0.457946475
MGG_10424,-0.100343332,0.595602668,0.787840177,4.070927275,104.611603,9.881876348,-0.577061891,11.39271134
MGG_17956,-0.100343332,1.485463866,0.451285175,1.284640061,-0.100343332,-4.870063738,25.50698859,-1.560911584
MGG_17478,-0.100343332,-0.100343332,3.02965305,0.351814952,-2.184227542,-0.100343332,-0.899683602,-5.302637909
MGG_16071,-0.100343332,-0.100343332,-0.100343332,-0.100343332,0.489263852,-1.84119796,0.655117888,0.617226419
MGG_01851,-0.100343332,-0.100343332,-0.100343332,-0.100343332,-0.876401915,0.415123792,1.23326509,0.571066467
MGG_01879,-0.100343332,-0.100343332,-1.495255559,0.355283992,0.940710007,-0.675183105,-1.137835664,-0.804093631
MGG_01358,-0.100343332,0.446882598,22.32037957,0.537212189,-0.465040266,48.66480224,-0.406747492,-0.804093631
MGG_10065,-0.100343332,-0.100343332,-0.100343332,0.447372562,0.550308945,-1.227086062,81.09424564,1.418397602
MGG_08230,-0.100343332,-0.100343332,-0.100343332,0.424575261,0.393815215,-0.623609602,-0.547391007,-0.457946475
MGG_17530,-0.100343332,-0.100343332,-1.495255559,-0.100343332,0.5596529,0.441645116,1.122591045,2.012999761
MGG_17191,-0.100343332,0.964099057,3.705194442,2.807879772,0.824699879,0.717048204,81.09424564,1.326613084
MGG_14053,-0.100343332,-0.100343332,-0.100343332,-0.100343332,-0.100343332,-1.650815667,0.617648279,0.319397592
MGG_16011,-0.100343332,-0.100343332,-1.495255559,2.807879772,0.473649248,0.486931342,1.571543512,-1.227106989
MGG_16660,-0.100343332,1.34587938,-0.100343332,2.807879772,0.346697532,2.543618628,-4.689738467,-0.100343332
MGG_16339,-0.100343332,5.402469851,-0.100343332,0.651043878,0.51312317,0.78469248,3.66041551,2.949443986
MGG_02338,-0.100343332,-0.100343332,-0.100343332,0.737693281,0.360111935,-46.44539638,1.158288856,-2.902350608
MGG_09474,-0.100343332,1.019828262,-1.495255559,-0.100343332,4.176765298,0.449125603,1.107195927,0.677495877
MGG_06234,-0.100343332,-0.100343332,22.32037957,-1.555856669,2.867424255,1.920054006,0.872554094,0.362242807
MGG_09998,-0.100343332,-0.100343332,-0.100343332,1.284640061,14.43368352,0.449049951,0.646058759,0.618201843
MGG_17155,-0.100343332,-0.100343332,-0.100343332,0.768424038,0.649882422,0.522936136,0.677736606,1.255331599
MGG_17711,-0.100343332,0.402952355,0.57790682,-0.100343332,4.262202673,0.833316162,-1.590362908,-1.560911584
MGG_12444,-0.100343332,-0.100343332,-0.100343332,0.275228137,-2.184227542,-0.623609602,-0.100343332,-1.227106989
MGG_10086,-0.100343332,-0.100343332,-0.100343332,0.315524576,0.563284639,-1.650815667,-0.302268256,-67.24392216
MGG_16323,-0.100343332,-0.100343332,-0.100343332,0.260260593,-0.100343332,-0.100343332,-0.100343332,-0.100343332
MGG_10780,-0.100343332,-0.100343332,-0.100343332,0.266848985,-0.866883676,-0.100343332,-1.148120739,-0.100343332
MGG_15374,-0.100343332,-0.100343332,-0.100343332,0.317738476,0.689791879,-1.650815667,-0.683761552,1.127437182
MGG_09648,-0.100343332,-2.50483667,1.3683307,4.070927275,4.176765298,0.820869976,1.210115474,0.403195057
MGG_10725,-0.100343332,-0.100343332,-0.100343332,0.317299249,0.868714807,1.306815216,-7.234575799,11.39271134
MGG_16404,-0.100343332,0.625256084,-1.495255559,0.294893657,-0.886046804,-0.623609602,-0.100343332,-0.100343332
MGG_05795,-0.100343332,-0.100343332,-0.100343332,0.265813013,-0.100343332,-0.100343332,1.529492483,-0.100343332
MGG_00148,-0.100343332,-0.100343332,0.769403039,0.562427307,0.421448253,0.616391739,123.9377855,-0.100343332
MGG_08941,-0.100343332,-0.715652481,0.658683115,0.651043878,0.543240413,1.646489638,1.23326509,0.871838008
MGG_07811,-0.100343332,-0.100343332,-0.100343332,0.809336639,0.278894055,-1.227086062,-2.340697189,-0.100343332
MGG_12551,-0.100343332,1.045477977,0.422863705,0.849929434,-7.011603638,0.673102514,-2.37269266,1.04661786
MGG_02918,-0.100343332,0.792386972,0.303754277,9.491307088,1.349140977,-0.445784506,-1.137835664,-0.457946475
MGG_07538,-0.100343332,-0.100343332,22.32037957,0.59616347,0.680343014,0.634264998,1.213674201,0.479212503
MGG_15926,-0.100343332,-0.100343332,-0.100343332,0.24743785,-0.100343332,-0.100343332,-0.100343332,-0.100343332
MGG_17319,-0.100343332,1.485463866,1.143117696,0.849929434,0.755364225,1.818697235,0.574822329,0.556035646
MGG_13374,-0.100343332,0.823964099,0.647744052,0.809336639,0.452013143,3.065509614,1.458767853,1.945625272
MGG_17666,-0.100343332,1.34587938,0.752164247,0.492571685,1.123482658,2.74074431,-12.62155107,0.426801007
MGG_17601,-0.100343332,-0.100343332,-0.100343332,0.245371894,-14.19401576,-0.100343332,-0.100343332,-0.457946475
MGG_04734,-0.100343332,-0.100343332,-0.100343332,0.254792261,0.750521954,-1.227086062,-1.148120739,-0.100343332
MGG_15908,-0.100343332,-0.100343332,-0.100343332,0.329038603,0.553672924,1.125222846,0.608547957,0.806977172
MGG_04452,-0.100343332,-0.715652481,0.340315777,0.387303014,-1.808408643,-1.122449302,0.768303481,2.281620549
MGG_18005,-0.100343332,0.279346779,-1.495255559,0.632031894,-1.808408643,-1.650815667,0.666353825,-0.100343332
MGG_14830,-0.100343332,-0.100343332,-0.100343332,0.270060118,0.395772862,16.27723671,-0.100343332,-0.100343332
MGG_13670,-0.100343332,0.298974315,22.32037957,4.070927275,0.852264713,0.860476243,0.677736606,-1.227106989
MGG_16188,-0.100343332,-0.100343332,1.093313553,0.768424038,0.351355408,0.627975136,0.47903525,1.38903721
MGG_08946,-0.100343332,-0.100343332,-0.100343332,0.257545181,0.793732881,-1.84119796,0.869614216,-0.804093631
MGG_15625,-0.100343332,-0.100343332,-0.100343332,0.236938187,4.262202673,-0.100343332,-0.406747492,-1.560911584
MGG_08481,-0.100343332,-0.100343332,-0.100343332,0.252981562,1.330976517,-46.44539638,-2.37269266,1.015847462
MGG_18019,-0.100343332,-0.100343332,3.705194442,0.267042842,0.406443547,-2.770366288,-0.302268256,-0.804093631
MGG_07804,-0.100343332,-0.100343332,-0.100343332,0.307295342,0.409480563,2.035841956,0.510137813,1.301729913
MGG_00816,-0.100343332,0.512561254,3.705194442,0.502304007,0.699708726,0.372848556,0.586767801,-1.227106989
MGG_08399,-0.100343332,-0.100343332,-0.100343332,0.376545629,0.560682804,0.503014522,0.36037688,1.095125119
MGG_07994,-0.100343332,-0.100343332,-0.100343332,0.230895854,-6.71690036,-0.623609602,-0.100343332,3.654318152
MGG_05749,-0.100343332,0.260611714,0.605579764,0.477250533,-1.835880005,-1.122449302,-0.302268256,-0.457946475
MGG_05403,-0.100343332,0.595602668,-0.100343332,0.255474049,0.68886823,2.543618628,1.850370045,-0.100343332
MGG_16724,-0.100343332,3.544845988,-0.100343332,0.905232262,1.330976517,0.360609232,0.305179556,0.721517786
MGG_08432,-0.100343332,-0.100343332,-0.100343332,0.230121863,0.890298417,-0.623609602,1.25368714,-0.100343332
MGG_13868,-0.100343332,-0.100343332,-0.100343332,0.304649608,0.465235435,0.611905362,0.362932393,-1.560911584
MGG_09421,-0.100343332,-0.100343332,-0.100343332,0.234913385,0.559140239,-1.650815667,-0.683761552,3.654318152
MGG_05764,-0.100343332,0.473396192,0.384862948,4.070927275,1.834650631,0.385044696,0.493203934,1.326613084
MGG_00565,-0.100343332,0.553097855,-0.100343332,-0.100343332,0.520084096,0.337741322,0.306845068,-1.658168739
MGG_08191,-0.100343332,5.402469851,1.3683307,0.365292256,0.583445806,0.382623919,0.616055215,0.558219924
MGG_08407,-0.100343332,-0.100343332,-0.100343332,0.59616347,0.323938156,0.908659117,0.448946817,0.350771009
MGG_08414,-0.100343332,-0.100343332,-0.100343332,0.26054939,0.332678997,-61.85526496,2.107596594,1.660946625
MGG_09569,-0.100343332,3.544845988,3.705194442,0.402573675,0.864894436,0.418004886,0.359425021,0.451201237
MGG_09844,-0.100343332,-0.100343332,-0.100343332,-0.100343332,0.44231112,0.296158091,0.357347594,0.430643191
MGG_15689,-0.100343332,-0.100343332,1.3683307,0.446426548,0.412076801,0.354983603,0.364462276,1.060658
MGG_14834,-0.100343332,-0.100343332,-0.100343332,0.239058742,0.323471254,-0.100343332,-0.302268256,-1.658168739
MGG_05831,-0.100343332,-0.715652481,-0.100343332,0.512718356,0.245906777,0.725417219,0.515727884,-0.804093631
MGG_07621,-0.100343332,-0.100343332,-0.100343332,-0.100343332,0.20848903,-0.100343332,-0.547391007,-0.100343332
MGG_00486,-0.100343332,0.964099057,0.489530329,0.737693281,0.53298712,0.291786334,0.475348767,1.255331599
MGG_03507,-0.100343332,0.392830648,0.585521813,0.354196253,-0.876401915,0.350671317,0.544029631,1.186863498
MGG_05875,-0.100343332,-0.100343332,0.787840177,-1.555856669,0.621853698,0.264025467,0.38777648,0.536326211
MGG_16327,-0.100343332,0.780331678,-0.100343332,0.248030569,0.330700141,-1.227086062,1.788520105,2.281620549
MGG_04354,-0.100343332,1.045477977,-0.100343332,-0.100343332,-0.100343332,0.431342553,0.244252352,0.345539081
MGG_14006,-0.100343332,-0.100343332,0.341504434,0.343714146,0.305875686,0.433323066,3.937326541,-1.227106989
MGG_12090,-0.100343332,0.332749953,22.32037957,0.440810627,-0.537890834,0.550666106,0.31287607,0.448741641
MGG_10282,-0.100343332,0.261706509,1.093313553,0.25226395,-0.100343332,-0.100343332,-0.100343332,-0.100343332
MGG_15459,-0.100343332,-0.100343332,-0.100343332,0.254118978,0.28996777,2.056881522,0.629448774,1.883333444
MGG_00511,-0.100343332,-2.50483667,0.242377881,0.305370137,4.016538456,0.846866939,-1.573710829,-0.804093631
MGG_14156,-0.100343332,-0.100343332,-0.100343332,0.408440002,0.226654205,-0.675183105,1.054822386,0.5496457
MGG_10244,-0.100343332,-0.100343332,-0.100343332,-0.100343332,-0.100343332,0.206878853,0.491056027,-0.100343332
MGG_17582,-0.100343332,-0.100343332,3.02965305,0.737693281,0.436327329,0.340853918,0.394911304,0.29404083
MGG_15458,-0.100343332,-0.100343332,1.093313553,0.239611841,0.888246876,1.001060371,0.463309359,0.480942688
MGG_02106,-0.100343332,4.11767387,0.323239172,-1.555856669,0.54646447,0.32574494,0.414562964,0.417016145
MGG_02207,-0.100343332,-0.715652481,-0.100343332,0.270701018,0.246697758,2.74074431,-7.234575799,-67.24392216
MGG_06523,-0.100343332,0.585452559,0.312008964,0.303153657,0.823044648,0.475590904,0.638389961,1.706809448
MGG_08433,-0.100343332,-0.100343332,-0.100343332,0.205484058,0.81195153,-0.445784506,1.346496964,-0.457946475
MGG_12690,-0.100343332,-0.715652481,-0.100343332,0.232903652,0.491267805,0.903274374,0.487045252,0.553878874
MGG_07303,-0.100343332,0.585452559,0.406629944,0.560378923,-2.767879586,0.312615533,0.388326407,0.363989476
MGG_16422,-0.100343332,0.273967144,0.485284816,0.360730903,0.911238612,0.553862961,0.433497902,2.791551918
MGG_04735,-0.100343332,-0.100343332,-0.100343332,0.216490776,0.375835051,2.517835716,1.797898919,0.741734301
MGG_16137,-0.100343332,0.333679058,0.614429021,0.295029048,3.336445335,0.386907408,0.355891921,-2.902350608
MGG_01530,-0.100343332,-0.100343332,-0.100343332,0.803189795,0.219008613,0.517310737,0.434270665,0.800382832
MGG_16475,-0.100343332,-0.100343332,-0.100343332,0.192430877,-0.100343332,-0.100343332,-1.148120739,-0.100343332
MGG_02202,-0.100343332,-0.100343332,-0.100343332,0.199385537,0.744272952,-0.623609602,1.731387368,0.791820617
MGG_16989,-0.100343332,0.213329814,22.32037957,0.344324169,0.561718868,-0.623609602,2.867201957,-0.100343332
MGG_17240,-0.100343332,-0.100343332,-0.100343332,0.203596417,1.413459591,-46.44539638,0.446120349,0.736511907
MGG_17244,-0.100343332,-0.100343332,-0.100343332,0.238190849,0.2711685,1.306815216,0.443065149,0.785513854
MGG_02212,-0.100343332,-0.100343332,-0.100343332,0.493904817,0.248261864,0.335912645,0.330236449,0.489642322
MGG_04753,-0.100343332,-0.100343332,-0.100343332,0.301539596,0.215711884,-46.44539638,0.605832593,1.418397602
MGG_16840,-0.100343332,0.616794078,0.304455634,0.562427307,-2.184227542,0.294404858,0.305440679,0.453348562
MGG_15391,-0.100343332,4.11767387,-0.100343332,0.199310642,0.398688352,-0.675183105,-0.719938912,1.06052233
MGG_17426,-0.100343332,0.554846897,0.367788318,0.279931647,0.933597247,0.412315106,0.379853068,0.37538657
MGG_16703,-0.100343332,-0.100343332,0.369407176,0.211091104,1.112079387,0.567783588,0.913834892,1.755842421
MGG_10531,-0.100343332,-0.100343332,0.957760239,0.207752821,-0.876401915,0.820869976,0.329353464,5.440531424
MGG_08789,-0.100343332,-0.100343332,-0.100343332,-0.100343332,0.2193754,0.280814655,0.422369233,0.845186813
MGG_02223,-0.100343332,-0.100343332,-0.100343332,0.809336639,0.218725793,0.353678063,0.344698912,0.72643095
MGG_12937,-0.100343332,0.347093598,1.3683307,0.346507909,0.248426033,0.368324638,0.629448774,0.919789208
MGG_09377,-0.100343332,0.257347777,-0.100343332,0.54839673,0.248663686,0.467005485,0.43382444,2.791551918
MGG_11487,-0.100343332,-0.715652481,1.3683307,0.365619289,0.310910319,0.264657026,0.290031687,0.685701808
MGG_07810,-0.100343332,-0.100343332,-0.100343332,0.218332896,0.557580569,0.305900895,0.438991299,0.507708684
MGG_16737,-0.100343332,-0.100343332,0.489530329,0.187877526,-0.465040266,-46.44539638,-1.148120739,-0.100343332
MGG_03495,-0.100343332,3.544845988,0.353464787,0.208062617,0.802580674,4.417002381,0.693780328,0.524030471
MGG_07591,-0.100343332,-0.100343332,-1.495255559,0.32726515,0.290002257,0.288630964,0.258387808,-4.075886661
MGG_08350,-0.100343332,0.468964839,3.02965305,0.737693281,0.202341472,0.772897898,0.466541718,-4.614967169
MGG_03338,-0.100343332,-0.100343332,-0.100343332,-1.555856669,0.365767353,0.238260434,0.335184901,0.267817641
MGG_17667,-0.100343332,-0.715652481,-1.495255559,0.322613612,0.2255747,0.617046171,0.451013941,0.330116339
MGG_16551,-0.100343332,-0.100343332,-0.100343332,0.205363631,0.256884115,-1.122449302,1.748843116,104.2517722
MGG_16378,-0.100343332,-0.100343332,-0.100343332,0.192914356,0.411924678,0.820869976,1.036978127,1.206454741
MGG_08373,-0.100343332,-0.100343332,-1.495255559,-0.100343332,0.210138491,0.523449168,0.554368775,0.265796727
MGG_10455,-0.100343332,-0.100343332,-0.100343332,0.214111268,0.282438258,-61.85526496,1.535908554,0.316532357
MGG_01993,-0.100343332,0.515793896,-0.100343332,-0.100343332,-0.470486925,0.209772476,0.242776956,-5.302637909
MGG_05518,-0.100343332,0.986081311,-1.495255559,0.24203056,0.238154074,0.35108799,0.561100552,0.759891939
MGG_12016,-0.100343332,-0.100343332,-0.100343332,-0.100343332,0.224746609,0.227631637,0.383516954,0.466221744
MGG_15376,-0.100343332,-0.100343332,-0.100343332,0.184038272,0.290317161,-0.100343332,1.376985126,-0.100343332
MGG_13836,-0.100343332,0.245446953,0.345444201,0.278751596,0.359784968,0.43973704,0.404127305,0.813860287
MGG_10796,-0.100343332,1.554335458,0.190763961,0.246986235,-0.100343332,-0.100343332,-0.100343332,-0.804093631
MGG_07411,-0.100343332,0.792386972,0.329643647,0.356236661,0.726504983,0.532515889,0.290496616,0.225250785
MGG_11292,-0.100343332,-0.100343332,-0.100343332,0.184556779,0.319844703,3.818044346,0.591707162,1.206454741
MGG_17894,-0.100343332,0.425690144,0.282013179,0.263683157,0.257721674,0.441287017,0.658160947,0.387421222
MGG_05504,-0.100343332,0.792386972,0.647744052,-1.555856669,0.204292345,0.272848142,0.354985696,0.417816989
MGG_07749,-0.100343332,0.295439519,-0.100343332,4.070927275,0.288470601,0.255019859,0.235219571,0.472360385
MGG_05792,-0.100343332,0.209672074,-0.100343332,0.252421806,-7.011603638,0.36843409,0.348785415,0.528215629
MGG_10394,-0.100343332,-0.100343332,-1.495255559,9.491307088,0.171883672,0.628668671,-0.899683602,-0.100343332
MGG_17824,-0.100343332,0.539577835,0.471774546,0.326198866,0.293673957,0.269964999,0.276767213,0.293905352
MGG_02166,-0.100343332,-0.100343332,-0.100343332,0.186307794,0.257657354,1.254890125,2.6004493,0.502463421
MGG_17353,-0.100343332,-0.100343332,-0.100343332,9.491307088,0.194519389,0.309476893,0.464153413,0.269769357
MGG_16603,-0.100343332,-0.100343332,3.02965305,0.329038603,0.220573875,0.340403211,0.269903837,0.29949069
MGG_17628,-0.100343332,-0.100343332,-0.100343332,0.250447767,0.194985693,0.611905362,0.410134296,0.457013546
MGG_07372,-0.100343332,0.171018522,0.83762942,2.807879772,0.637398285,-0.675183105,-0.100343332,-0.457946475
MGG_08027,-0.100343332,-0.715652481,-0.100343332,0.170910379,0.491267805,-1.84119796,-2.340697189,0.845186813
MGG_17840,-0.100343332,0.190334054,0.349572617,0.280984555,1.158994812,0.547081674,-1.590362908,0.540230215
MGG_08406,-0.100343332,0.170440688,0.411962938,0.737693281,-2.221827338,-1.650815667,-0.100343332,-0.100343332
MGG_16382,-0.100343332,0.710849451,0.223166666,0.251991379,0.268818862,0.553398971,0.412585238,0.419716272
MGG_16925,-0.100343332,0.378863084,0.239523803,0.200457499,0.530839619,0.511406309,0.817389545,0.929751458
MGG_09722,-0.100343332,4.11767387,3.705194442,9.491307088,-7.011603638,0.192014039,0.215548712,0.601778144
MGG_10318,-0.100343332,-0.100343332,-0.100343332,4.070927275,0.166826818,0.593379921,-0.577061891,0.813794764
MGG_00619,-0.100343332,0.26836313,0.314754352,0.304281834,-0.470486925,0.376841808,0.221770939,0.30355646
MGG_13604,-0.100343332,0.20018894,0.489530329,0.257171747,0.334923441,0.874717468,0.841877439,0.334797772
MGG_16041,-0.100343332,-0.715652481,0.321398064,0.167967201,-0.465040266,-0.100343332,-0.100343332,-1.227106989
MGG_02073,-0.100343332,-0.100343332,-0.100343332,0.198739317,0.255801981,0.347299333,0.340995208,0.296266726
MGG_10477,-0.100343332,-0.100343332,0.219826582,0.247801657,0.24425265,0.362394963,0.321190527,0.991202662
MGG_02234,-0.100343332,-0.100343332,-0.100343332,-0.100343332,0.307114338,0.191462574,0.260404675,0.254486856
MGG_17077,-0.100343332,-0.100343332,-0.100343332,0.172512847,0.312623784,0.393641618,0.512269432,0.837673296
MGG_05119,-0.100343332,0.315134008,0.366359758,0.21770588,0.207403134,0.523321243,0.487468985,1.706809448
MGG_05108,-0.100343332,0.260611714,0.3319749,0.257545181,0.320762175,0.250942511,0.260844632,0.919881545
MGG_08610,-0.100343332,1.485463866,-1.495255559,0.258783412,0.241929499,0.256476225,0.231507551,0.31161186
MGG_00815,-0.100343332,0.356513224,0.57790682,1.284640061,0.666728631,0.222741148,0.192814455,0.442287151
MGG_07357,-0.100343332,-0.100343332,-0.100343332,0.210739636,0.184005258,1.646489638,0.57213575,0.540230215
MGG_07834,-0.100343332,-0.100343332,-0.100343332,0.175431791,0.245424281,0.774190959,0.520711681,0.544861778
MGG_05424,-0.100343332,-0.100343332,-0.100343332,0.256665812,0.18446259,0.406953322,0.407746132,0.299425236
MGG_09842,-0.100343332,0.29105542,0.293592985,0.26267267,0.258399159,0.282213433,0.248344252,1.127437182
MGG_12930,-0.100343332,0.823964099,0.340376728,0.232965483,0.213707506,0.324363114,0.284894452,0.3333191
MGG_07854,-0.100343332,-2.50483667,-0.100343332,0.59616347,0.173628282,0.326815305,0.303845458,0.334557315
MGG_18035,-0.100343332,4.11767387,22.32037957,0.177361445,0.420126719,0.303376195,0.292639431,0.350905017
MGG_16058,-0.100343332,-0.100343332,-0.100343332,0.203950612,0.18913291,0.477634998,0.348882215,0.453348562
MGG_09765,-0.100343332,0.259851114,0.244892655,0.251925229,0.301050488,0.302236218,0.306365579,0.320543625
MGG_09627,-0.100343332,-0.100343332,-0.100343332,0.176484857,0.221045003,0.495176579,0.698680512,0.439020529
MGG_01963,-0.100343332,0.527085946,0.242293934,0.198692671,0.321026767,0.373879935,0.413545605,0.279357316
MGG_08543,-0.100343332,0.497805315,0.57790682,0.611926445,0.227390267,0.219458198,0.225400576,0.294506463
MGG_17063,-0.100343332,0.327255921,-1.495255559,0.169030096,0.284335192,48.66480224,0.48680009,1.110973025
MGG_17681,-0.100343332,0.224185633,0.280324909,0.276773413,0.309525463,0.320126822,0.282059959,0.275710062
MGG_07869,-0.100343332,-0.100343332,-0.100343332,0.159329907,0.468264068,0.554482797,1.138559355,1.706809448
MGG_02546,-0.100343332,-0.100343332,-0.100343332,0.269719481,0.179172584,0.302380137,0.261611276,0.378104011
MGG_16693,-0.100343332,-0.100343332,-0.100343332,0.304649608,0.164718931,0.645431415,0.378452794,0.379792971
MGG_12942,-0.100343332,0.608679822,3.02965305,-1.555856669,0.215751955,0.217680968,0.203817072,0.300217527
MGG_16829,-0.100343332,0.236233366,1.3683307,0.186074609,0.22993223,0.473119129,0.377631643,0.548994708
MGG_16476,-0.100343332,-0.100343332,-0.100343332,0.154060627,0.634323032,-0.100343332,0.658581994,11.39271134
MGG_17205,-0.100343332,-0.100343332,0.471568162,0.241577637,0.219564869,0.235318642,0.220679803,0.310846655
MGG_05805,-0.100343332,0.243515613,0.414455296,0.535447539,0.172011966,0.365327614,0.578294912,0.452612587
MGG_03308,-0.100343332,0.281275031,0.308692637,0.233685951,1.834650631,0.302690485,0.260851835,0.200150102
MGG_07574,-0.100343332,0.964099057,1.093313553,0.282319339,0.165993976,0.362394963,0.317073572,0.677457623
MGG_15793,-0.100343332,-0.100343332,0.308400625,0.331871057,-1.808408643,0.225482993,0.205890662,0.203146779
MGG_07871,-0.100343332,-0.715652481,-0.100343332,1.152084509,0.303051081,0.213914633,0.180812517,0.253291776
MGG_08994,-0.100343332,0.335285703,0.23662891,0.255280983,0.208124412,0.259894489,0.315017489,0.380362412
MGG_17335,-0.100343332,0.167340114,0.409774141,0.366068893,0.564226434,0.350671317,0.291845915,0.610323527
MGG_18062,-0.100343332,-0.100343332,-0.100343332,0.185942567,0.187631755,0.523321243,0.338422175,0.353152913
MGG_00734,-0.100343332,0.823964099,0.331634584,0.172846603,0.408093151,0.306241346,0.265902468,0.34398432
MGG_13654,-0.100343332,0.411886758,0.256629054,0.255800379,0.231963729,0.283740564,0.331653185,0.207340225
MGG_16171,-0.100343332,-0.100343332,-0.100343332,0.154331928,0.311976882,-1.227086062,0.797846193,0.919789208
MGG_08992,-0.100343332,-0.100343332,-0.100343332,0.153405374,0.371934975,1.350887832,0.757482137,0.598119973
MGG_06225,-0.100343332,0.153818214,0.431928066,0.306555314,-0.100343332,-0.100343332,-0.100343332,-4.075886661
MGG_12715,-0.100343332,0.377331773,0.448077818,0.311924231,0.245110526,0.215731859,0.211274252,0.241149235
MGG_04546,-0.100343332,4.11767387,0.493905457,0.244809006,0.16292718,0.394199517,0.386515184,0.473610155
MGG_16860,-0.100343332,0.271551418,0.254276934,0.294708728,0.363330632,0.186991828,0.240380564,0.359785349
MGG_14652,-0.100343332,0.226590684,0.261659392,0.245641012,0.212768942,0.262886095,0.319745063,0.269639519
MGG_10310,-0.100343332,0.168880943,0.411962938,0.359576295,0.231816621,0.284145489,0.53839875,0.358268814
MGG_12654,-0.100343332,-0.100343332,0.321446282,0.170132412,0.204680271,0.378434539,0.368765857,0.384813873
MGG_10804,-0.100343332,-0.100343332,0.166319663,0.176000118,1.343017091,-1.650815667,-0.719938912,-0.100343332
MGG_17761,-0.100343332,0.22163143,-1.495255559,0.424575261,0.169000865,0.240015171,0.355764185,0.400163437
MGG_07677,-0.100343332,-0.100343332,-0.100343332,-0.100343332,0.203648078,0.191091182,0.193076616,0.242931163
MGG_15031,-0.100343332,-0.100343332,-0.100343332,0.169231814,0.186024692,0.456109052,0.407746132,0.305023629
MGG_14052,-0.100343332,0.348909448,0.17791262,0.192087801,0.326518996,0.388095547,0.284635932,0.599003547
MGG_16562,-0.100343332,-0.100343332,-0.100343332,0.150680998,0.244727349,0.68593383,0.447957977,0.681522635
MGG_16804,-0.100343332,0.211666293,0.393147868,0.239611841,0.20546001,0.230515613,0.241891085,0.27883313
MGG_04889,-0.100343332,-0.100343332,-0.100343332,-0.100343332,0.151383806,0.232150906,0.448325168,0.344370381
MGG_15410,-0.100343332,-0.100343332,-0.100343332,0.169242464,0.17512391,0.494431931,0.458617232,0.324772428
MGG_04859,-0.100343332,0.271281665,0.194985664,0.199233264,0.265687894,0.280186876,0.23518217,0.402258909
MGG_15207,-0.100343332,0.221212483,0.320517494,0.227484191,0.272355361,0.222597825,0.219892057,0.215186723
MGG_13133,-0.100343332,-0.100343332,-0.100343332,0.153941351,0.233120294,0.400537495,0.290366674,0.279618239
MGG_11397,-0.100343332,0.223909586,0.259393409,0.222592587,0.239231284,0.212057396,0.207349137,0.352165251
MGG_09106,-0.100343332,-2.50483667,0.471774546,0.246851871,0.210185668,0.210406397,0.197801002,0.20351727
MGG_07880,-0.100343332,-0.100343332,-0.100343332,0.160814418,0.18434668,0.48259611,0.303385627,0.309510984
MGG_09019,-0.100343332,0.485756065,0.25697561,0.185809276,0.210219023,0.220909896,0.22383859,0.304556867
MGG_13019,-0.100343332,0.21781481,0.416870969,0.156608523,0.630542727,0.26001179,0.296150679,1.015847462
MGG_18141,-0.100343332,-0.100343332,-0.100343332,-0.100343332,0.194998311,0.187329971,0.200815282,0.193788678
MGG_16337,-0.100343332,0.197253644,0.221819043,0.212518284,0.262726475,0.236246424,0.259096784,0.250536828
MGG_09675,-0.100343332,-0.100343332,-0.100343332,0.150804238,0.235554725,0.300970453,0.284728026,0.374469253
MGG_01195,-0.100343332,0.508075799,-1.495255559,2.807879772,0.192591838,0.209842894,0.205904275,0.17938904
MGG_08024,-0.100343332,0.508075799,0.62369577,0.291542548,0.185039562,0.22142873,0.184863305,0.217592381
MGG_15539,-0.100343332,0.272459757,0.258916137,0.156473561,0.227573903,0.344893188,0.314653875,0.715173352
MGG_17556,-0.100343332,-0.100343332,-0.100343332,0.180150638,0.158865321,0.316230026,0.308977275,0.340725474
MGG_02255,-0.100343332,-0.715652481,-0.100343332,0.171756933,0.159767252,0.415516572,0.382440128,0.319217632
MGG_07624,-0.100343332,-0.100343332,-0.100343332,0.200759926,0.157356986,0.237784748,0.275050009,0.295582166
MGG_10097,-0.100343332,-0.100343332,-0.100343332,0.163378964,0.179421241,0.229125147,0.409384237,0.27265107
MGG_16892,-0.100343332,4.11767387,-0.100343332,0.187632938,0.159071246,0.270182444,0.270674765,0.28831664
MGG_17614,-0.100343332,-0.100343332,-0.100343332,0.163092864,0.163609135,0.388983456,0.392227087,0.389481948
MGG_06123,-0.100343332,-0.100343332,1.093313553,0.14935342,0.220927542,0.386511807,0.300526025,0.275410311
MGG_05538,-0.100343332,-0.100343332,-0.100343332,0.159146857,0.193568254,0.31143221,0.239042426,0.23978038
MGG_17303,-0.100343332,-0.100343332,-0.100343332,0.142834242,0.255652892,0.411038371,0.33167496,0.431828638
MGG_04263,-0.100343332,0.603174127,-0.100343332,0.149104661,0.198736829,0.413484996,0.285656407,0.314024367
MGG_04737,-0.100343332,4.11767387,3.02965305,-0.100343332,-2.221827338,0.148608301,0.170076972,-0.804093631
MGG_05410,-0.100343332,-0.100343332,-0.100343332,0.152486878,0.174638326,0.360441866,0.3280506,0.332640522
MGG_15924,-0.100343332,-0.100343332,-0.100343332,0.19307084,0.148844568,0.324363114,0.304929337,0.288684447
MGG_02590,-0.100343332,-0.100343332,0.402262846,0.210281381,0.224236275,0.17040057,0.17598483,0.318368538
MGG_05416,-0.100343332,-0.100343332,-0.100343332,0.143527205,0.19768274,0.54357236,0.408448951,0.379226776
MGG_17536,-0.100343332,0.172821368,0.282013179,0.156158423,0.2612049,0.520287071,0.810864677,0.910294862
MGG_00043,-0.100343332,-0.100343332,-0.100343332,0.136095017,0.339988809,1.575536782,0.89039691,-5.302637909
MGG_17266,-0.100343332,0.440239248,0.44189826,0.181165929,0.153587122,0.31282253,0.328519581,0.288318381
MGG_10105,-0.100343332,-0.100343332,-0.100343332,-0.100343332,-0.100343332,0.196156646,0.178652145,0.152661901
MGG_00627,-0.100343332,1.34587938,3.705194442,0.144250749,0.198456787,0.694504792,0.338123133,0.323372768
MGG_09709,-0.100343332,0.212642763,0.257104809,0.165417762,0.276687859,0.255193062,0.216558646,0.233526845
MGG_08506,-0.100343332,-0.100343332,-0.100343332,0.156900612,0.176898293,0.269080161,0.24181822,0.243629792
MGG_16939,-0.100343332,-0.100343332,-0.100343332,0.167863767,0.151062646,0.386819141,0.365207992,0.29899205
MGG_02232,-0.100343332,-0.100343332,-0.100343332,0.149967464,0.189180203,0.356180557,0.24434355,0.226077821
MGG_02591,-0.100343332,-0.100343332,0.175677049,0.176779247,0.228146899,0.204223293,0.221312997,0.260334472
MGG_16789,-0.100343332,-0.100343332,-0.100343332,0.1437242,0.175869747,0.413315809,0.356756568,0.423337439
MGG_15370,-0.100343332,-0.100343332,-0.100343332,0.171268457,0.145629703,0.42240511,0.327655222,0.366095166
MGG_16869,-0.100343332,1.019828262,0.388553615,0.173387682,0.184832091,0.209888576,0.189668048,0.218849852
MGG_02154,-0.100343332,-0.100343332,3.02965305,0.396010009,0.14535267,0.211266347,0.217830032,0.233597767
MGG_15371,-0.100343332,-0.100343332,-0.100343332,0.144017293,0.169117791,0.508245519,0.597428813,0.37322854
MGG_09629,-0.100343332,-0.100343332,3.705194442,0.147532495,0.167729476,0.345226858,0.339001034,0.320546366
MGG_07424,-0.100343332,0.1479794,0.177133201,0.216923022,0.584623407,0.494431931,0.35332439,0.546925252
MGG_07184,-0.100343332,0.257861231,0.224832475,0.277773747,0.183768806,0.198132245,0.202231813,0.182112097
MGG_07556,-0.100343332,-0.100343332,-0.100343332,0.141946619,0.214378952,0.248013684,0.25692616,0.275708636
MGG_02990,-0.100343332,-0.100343332,-0.100343332,0.139894028,0.180275173,0.433188945,0.5356413,0.387421222
MGG_00225,-0.100343332,-0.100343332,-0.100343332,-0.100343332,0.483223599,0.163509026,0.154644467,0.185136277
MGG_07311,-0.100343332,0.142743245,0.257234314,0.197981816,0.361692612,0.33454142,0.585862845,0.301605582
MGG_04451,0.135269289,-0.100343332,-0.100343332,0.215521646,0.287110112,9.881876348,1.490098453,0.845259761
MGG_08559,-0.100343332,0.196806712,0.184574314,0.190841213,0.206648249,0.221927617,0.221267651,0.219489222
MGG_17132,-0.100343332,0.22853612,0.432079342,0.135938981,0.473338105,0.336390318,0.478803657,0.308367858
MGG_08411,0.135269289,-0.100343332,-0.100343332,0.205969534,0.279079787,0.568961458,0.374216081,0.715173352
MGG_03849,-0.100343332,0.239689241,0.170645095,0.17098044,0.198067631,0.231984634,0.223419288,0.253831774
MGG_18122,-0.100343332,-0.100343332,0.16077546,0.138421831,-0.100343332,-0.100343332,7.831370056,-0.842501038
MGG_07900,-0.100343332,-0.100343332,-0.100343332,0.260443445,0.156365045,0.177259092,0.182764218,0.197353733
MGG_14093,-0.100343332,-0.100343332,-0.100343332,0.138137535,0.189100527,0.373686749,0.238241585,0.279568314
MGG_00916,-0.100343332,-0.715652481,0.448077818,0.153804618,0.146561585,0.38573228,0.356970109,0.37554581
MGG_02090,0.136129985,-0.100343332,0.385971941,0.181732098,0.442331249,-0.675183105,6.727204887,0.303250242
MGG_15336,-0.100343332,-0.100343332,-0.100343332,0.158206088,0.148503781,0.307188512,0.248790292,0.236528035
MGG_10280,-0.100343332,-0.100343332,-0.100343332,0.149548477,0.156891524,0.282620801,0.284708249,0.221913028
MGG_08086,-0.100343332,0.313888632,0.444949877,0.182628719,0.256293219,0.17232003,0.16772954,0.184075027
MGG_00259,-0.100343332,0.143280029,0.179001826,0.248291259,0.240188477,0.239002539,0.459346005,0.384033642
MGG_04973,-0.100343332,3.544845988,3.02965305,0.356642636,0.159358297,0.15524412,0.188424175,0.217586393
MGG_02220,-0.100343332,-0.100343332,-1.495255559,0.283413181,0.129697044,0.317753345,0.384142761,0.399253179
MGG_05798,-0.100343332,-0.100343332,-0.100343332,-1.555856669,0.134117668,0.203436651,0.206796823,0.295644057
MGG_09740,-0.100343332,-0.100343332,0.752164247,0.163311994,0.165684318,0.188639911,0.178324367,0.228432369
MGG_06224,-0.100343332,4.11767387,0.278868455,0.136901224,0.197550337,0.309172015,0.231569262,0.262521927
MGG_04642,-0.100343332,0.209493533,0.200310948,0.197544685,0.188780209,0.176255514,0.184843928,0.217703985
MGG_06008,-0.100343332,0.125697994,0.340376728,0.452305199,0.917889995,-0.100343332,-0.406747492,-0.804093631
MGG_08546,-0.100343332,-0.715652481,-1.495255559,0.333015921,0.147439015,0.160754295,0.176810761,0.223305094
MGG_13108,0.136129985,-0.100343332,-0.100343332,0.186932352,0.168790602,0.54357236,1.210115474,-2.902350608
MGG_10371,-0.100343332,0.165898511,0.207457749,0.190318329,0.180772658,0.204368163,0.190119847,0.216601791
MGG_08435,-0.100343332,-0.100343332,-0.100343332,0.408440002,0.154653246,0.157910269,0.167699573,0.195337491
MGG_17522,-0.100343332,0.226742301,0.176466733,0.172330582,0.231616504,0.172982145,0.183853135,0.203998786
MGG_02638,-0.100343332,0.16584029,0.213699076,0.237517217,0.378979803,0.187361111,0.172530634,0.16572647
MGG_01953,-0.100343332,-0.100343332,-1.495255559,0.136077933,0.159808199,0.26292099,0.271411541,0.281343804
MGG_01974,-0.100343332,0.198585142,0.235665117,0.200308849,0.155864848,0.180746972,0.184133911,0.226873116
MGG_10425,-0.100343332,0.653431057,0.700441488,0.188950564,0.147639125,0.165353518,0.19199455,0.212293087
MGG_10120,-0.100343332,-0.100343332,-0.100343332,0.128533587,0.193858116,0.379363462,0.265602104,0.33043675
MGG_09378,0.136129985,3.544845988,0.605579764,0.175428226,0.210849401,0.25958474,0.273386943,0.26626962
MGG_09810,0.135269289,-0.100343332,-0.100343332,0.161019923,0.220390154,0.497417602,0.305568151,0.301454373
MGG_16379,-0.100343332,0.30788564,0.366278181,0.126690527,0.235014168,0.339769405,0.344173065,0.357363428
MGG_02715,-0.100343332,0.319729793,0.190684279,0.184964014,0.149931095,0.178419104,0.184379399,0.218085726
MGG_05091,-0.100343332,0.189045629,0.255032413,0.252172937,0.194991044,0.152729724,0.152431788,0.263731005
MGG_17550,-0.100343332,-0.100343332,0.258237234,0.186894082,0.189283322,0.159913392,0.154434668,0.177846812
MGG_08355,-0.100343332,-0.100343332,-0.100343332,0.262154312,0.145518179,0.162535338,0.170957943,0.173204034
MGG_10532,-0.100343332,0.549034117,0.152406801,0.144029948,0.204347232,0.208301391,0.20179075,0.246213086
MGG_00614,-0.100343332,-0.100343332,0.700441488,0.127089488,0.168085321,0.268637882,0.287737499,0.307317848
MGG_01145,-0.100343332,0.255070313,0.201621454,0.126845413,0.387166873,0.300355218,0.312600492,0.216018522
MGG_16964,-0.100343332,0.698413807,0.270760813,0.148234664,0.145915808,0.181920842,0.200984061,0.218602396
MGG_02339,0.135269289,0.14013726,0.412090247,0.803189795,0.354482632,0.673102514,0.462614957,0.310419584
MGG_16570,-0.100343332,-0.100343332,-0.100343332,0.141919962,0.135389196,0.315683356,0.251017258,0.230919479
MGG_08799,0.136129985,-0.100343332,0.614429021,0.143944172,0.175144312,0.327132165,0.36310004,0.339389109
MGG_17301,-0.100343332,-0.100343332,-0.100343332,0.130219146,0.142620022,0.26157395,0.258664399,0.224276708
MGG_05818,0.136129985,0.294881995,0.145736254,0.165603662,4.176765298,0.450874994,0.385298378,0.23878204
MGG_09848,-0.100343332,3.544845988,0.957760239,1.152084509,0.130970933,0.165472178,0.168673134,0.168560307
MGG_03715,-0.100343332,0.159605645,0.179685564,0.184988638,0.181158456,0.160348598,0.152856045,0.260452259
MGG_03585,0.136129985,0.275609649,0.291225364,0.176784313,0.167137378,0.183367156,0.192463422,0.223036246
MGG_00052,-0.100343332,0.168151507,0.142744654,0.171611041,0.188628853,0.188948608,0.179148662,0.19200505
MGG_17249,-0.100343332,-0.100343332,22.32037957,0.137807177,0.131863068,0.255313517,0.217460894,0.197816147
MGG_03468,-0.100343332,-0.715652481,0.147763032,0.128970511,0.199537902,0.226547894,0.201341272,0.22750609
MGG_14340,-0.100343332,4.11767387,-0.100343332,4.070927275,0.142788438,0.164497227,0.155139891,0.138197471
MGG_15394,-0.100343332,0.214002667,0.14865151,0.142001214,0.164021993,0.179730009,0.193146136,0.214753847
MGG_01328,0.126349853,0.170819909,0.171630296,0.176179762,0.430174597,0.321667461,0.286461835,0.295582166
MGG_16647,-0.100343332,-0.100343332,-0.100343332,0.137118801,0.145230869,0.165061471,0.157668207,0.209739494
MGG_06359,-0.100343332,0.144175888,0.208727267,0.175631012,0.177562718,0.16585248,0.162830035,0.160541785
MGG_04259,-0.100343332,0.112598574,-0.100343332,0.355283992,-0.100343332,-1.650815667,-0.100343332,-0.100343332
MGG_03353,-0.100343332,0.224114152,0.145906219,0.131635408,0.162646348,0.221677735,0.195230858,0.214903288
MGG_00245,-0.100343332,0.139473641,0.165487194,0.146558208,0.147695357,0.273364729,0.230869782,0.221808332
MGG_02239,0.135269289,-3.904273091,0.374807657,0.177423089,0.140039018,0.179458573,0.182202295,0.193232506
MGG_01964,-0.100343332,-0.100343332,22.32037957,0.118348744,0.141632115,0.724348017,0.439162003,0.477886221
MGG_17792,-0.100343332,-0.715652481,-0.100343332,-0.100343332,0.134125239,0.16860551,0.142480772,0.141482119
MGG_09605,-0.100343332,-0.100343332,-0.100343332,0.113665443,0.189209813,0.939743827,0.339450551,0.348582238
MGG_03671,-0.100343332,-0.715652481,0.163001797,0.159129677,0.13940191,0.155420067,0.160214873,0.175462308
MGG_08210,-0.100343332,0.158063934,0.158216043,0.151619037,0.157220219,0.171631908,0.172578226,0.168858134
MGG_16553,-0.100343332,-0.100343332,0.166236265,0.218106616,0.497960651,0.141392692,0.139927004,0.139623897
MGG_13009,-0.100343332,0.166031265,0.186386726,0.159133022,0.147914322,0.154653998,0.15912099,0.171647115
MGG_17578,-0.100343332,0.133387253,0.15252156,0.155917892,0.191521607,0.19381375,0.188734326,0.181612868
MGG_14836,-0.100343332,0.111902539,0.221208622,0.249795203,0.294142867,-1.650815667,3.382310707,-0.457946475
MGG_09379,-0.100343332,-0.100343332,-1.495255559,0.132094122,0.125840459,0.227443284,0.182716862,0.18771368
MGG_15443,-0.100343332,-0.100343332,-0.100343332,0.212875282,0.11471469,0.190530383,0.201283352,0.200826959
MGG_10020,-0.100343332,-0.100343332,-0.100343332,0.111781994,0.232735501,0.560925404,0.223218508,0.26835038
MGG_17767,-0.100343332,-0.100343332,-0.100343332,0.118557467,0.136784433,0.306344692,0.225695827,0.227886177
MGG_08482,0.136129985,-0.100343332,0.605579764,0.12304371,0.164075234,0.301655578,0.286190735,0.215172644
MGG_10276,-0.100343332,-0.100343332,3.705194442,0.124810739,0.128210777,0.235333978,0.199197028,0.206212453
MGG_08957,-0.100343332,-2.50483667,0.386591202,0.127605211,0.12524525,0.220096907,0.209446941,0.204610184
MGG_16977,0.136129985,0.442958152,0.181767537,0.122842924,0.175904367,0.346986256,0.33167496,0.337469577
MGG_00488,-0.100343332,0.160709516,0.155663688,0.153383985,0.148002842,0.149438556,0.167103279,0.165936609
MGG_15751,-0.100343332,0.12956236,0.166388763,0.155047155,0.186920781,0.154920616,0.15814151,0.211906604
MGG_15972,0.136129985,-3.904273091,-0.100343332,0.132419394,0.129667238,0.241172142,0.229370358,0.239496623
MGG_16353,-0.100343332,5.402469851,0.173995476,0.124434918,0.15186315,0.162882018,0.152605517,0.176021133
MGG_08354,-0.100343332,0.128983128,0.44189826,0.286603724,0.377437889,0.142678485,0.125555677,0.222337035
MGG_11719,0.109171969,0.293050876,0.388553615,0.281751679,0.236090001,0.309744702,0.517743383,0.357511953
MGG_11991,0.136129985,0.121375416,0.150805207,0.193240446,0.261726759,0.287788515,0.355166402,0.329366206
MGG_10914,-0.100343332,-0.100343332,-1.495255559,0.114771385,0.137401292,0.233236309,0.210438796,0.20657401
MGG_03946,-0.100343332,0.208830861,0.116084088,0.12745815,0.42106096,0.764086286,0.903304234,2.791551918
MGG_15547,0.136129985,-0.100343332,0.209143911,0.112935439,0.846848648,-0.623609602,0.463103093,2.949443986
MGG_17896,-0.100343332,0.196882165,0.390450034,0.121373521,0.124590407,0.253082718,0.221180256,0.198644858
MGG_08515,-0.100343332,-0.100343332,0.141109896,0.108754459,0.246263003,0.487334545,0.389272548,0.312207052
MGG_16811,-0.100343332,-0.100343332,-0.100343332,0.119623936,0.120831819,0.198577599,0.202272999,0.166582031
MGG_16836,-0.100343332,0.15682665,0.133872763,0.14977637,0.145934701,0.144475492,0.152939169,0.158758562
MGG_05640,0.126349853,0.155031128,0.152059992,0.148316757,0.153701669,0.160417605,0.162866415,0.190900866
MGG_09693,0.136129985,0.388152203,0.291029696,0.123962145,0.130480455,0.183848327,0.164028401,0.175276502
MGG_09100,-0.100343332,0.147848448,0.321446282,0.439912999,0.123254045,0.135080791,0.131634569,0.172444979
MGG_08624,-0.100343332,0.17048606,0.152385216,0.151417535,0.159996995,0.13459142,0.131595042,0.138037625
MGG_08817,-0.100343332,0.162723541,0.202043601,0.106059888,0.210183013,0.400537495,0.247970823,0.337472963
MGG_02273,0.126349853,1.667164747,0.83762942,0.220327145,0.369537852,0.128797515,0.122041682,0.158652587
MGG_05751,-0.100343332,0.164309588,0.153949473,0.155451837,0.12170934,0.153082828,0.146283691,0.142827312
MGG_17239,0.136129985,-0.100343332,0.283058274,0.119861541,0.149043454,0.155078314,0.141922321,0.170997806
MGG_16187,-0.100343332,0.308599323,0.164971935,0.150575459,0.133628852,0.136304611,0.131263007,0.133123657
MGG_08275,-0.100343332,0.108896261,0.131608573,0.163946197,0.257004646,0.221097924,0.345090692,0.361318517
MGG_09908,0.135269289,0.145117222,0.139319766,0.137922039,0.150100476,0.154536868,0.158472744,0.169828287
MGG_05083,0.126349853,0.132152295,0.146803926,0.144102706,0.149658863,0.176940204,0.167876041,0.171554134
MGG_07209,-0.100343332,0.134684099,0.144374851,0.141366327,0.134529143,0.14548455,0.1436714,0.140765854
MGG_10720,0.126349853,0.138699869,0.165470127,0.154303154,0.126608827,0.157748151,0.153951154,0.168672706
MGG_05982,0.136129985,0.159408194,0.16275268,0.151766443,0.131965847,0.13876452,0.137933011,0.143554219
MGG_16585,-0.100343332,-0.100343332,0.204089413,0.136021458,0.115194842,0.131370824,0.14092783,0.14644369
MGG_06004,-0.100343332,0.141785511,0.127308982,0.133311615,0.140799661,0.145110362,0.143322036,0.140324373
MGG_17425,0.1194818,0.339938266,0.258237234,0.107374873,0.179067488,0.217646424,0.244151295,0.210216267
MGG_00283,-0.100343332,-3.904273091,-0.100343332,0.311689047,0.13860123,0.114550586,0.118505813,0.133795797
MGG_06771,0.135269289,0.107112042,0.144692718,0.138219564,0.25810037,0.37300139,0.504545665,0.351739179
MGG_07986,-0.100343332,-3.904273091,0.102215152,0.126572648,-0.866883676,0.665021761,0.712373149,1.144554971
MGG_07934,0.136129985,1.485463866,0.131516668,0.104508071,0.296737744,0.56597331,0.521752253,0.317641106
MGG_03350,-0.100343332,0.134490968,0.105500222,0.122604908,0.443923734,0.846866939,1.257584268,0.428837152
MGG_04795,-0.100343332,-0.715652481,3.02965305,0.103838578,0.120986724,0.196540266,0.177811325,0.180639891
MGG_02848,-0.100343332,0.112106424,0.131738409,0.133341976,0.146384947,0.147884982,0.149954647,0.15430986
MGG_15960,0.1194818,0.259650387,0.201145812,0.116917754,0.135028318,0.144031499,0.133815945,0.132690074
MGG_06953,-0.100343332,0.307261592,0.256629054,0.297189214,0.10593326,0.118098005,0.128613655,0.142682537
MGG_16342,-0.100343332,0.203358307,0.123088528,0.098930056,0.226917873,0.246231101,0.275031086,0.294771045
MGG_07471,-0.100343332,0.126662525,0.12288428,0.120401895,0.128338553,0.136731662,0.141120462,0.140938782
MGG_00230,0.136129985,-0.100343332,3.705194442,0.106061129,0.113259724,0.164540349,0.159652432,0.169510443
MGG_08291,-0.100343332,0.261136382,0.103279198,0.113059031,0.179689577,0.190983943,0.167101166,0.1615639
MGG_08348,-0.100343332,-0.100343332,-0.100343332,0.252082081,0.111518514,0.10533988,0.133326544,0.147960484
MGG_16026,0.119819087,0.19562683,3.02965305,0.106694369,0.116517643,0.168225208,0.158903619,0.166627554
MGG_07623,0.136129985,0.108127568,0.128247386,0.115071598,0.193972424,0.179493081,0.164439311,0.11796764
MGG_16714,-0.100343332,-0.100343332,0.232885806,0.093681389,0.128342674,0.159339313,0.166470618,0.181327047
MGG_02296,0.119819087,0.093205328,0.190398091,0.198152832,0.183770292,0.819340715,1.458767853,0.439994921
MGG_04776,0.136129985,0.40432957,0.20143882,0.105447136,0.098953073,0.153932909,0.147865948,0.149092881
MGG_07969,-0.100343332,0.270102987,0.444949877,0.204353983,0.098348338,0.110944909,0.117851558,0.120550123
MGG_03326,0.136129985,0.218212307,0.386691584,0.14788062,0.096882314,0.118340246,0.124272008,0.1255028
MGG_11072,0.106729585,-3.904273091,0.489530329,0.107979072,0.10603605,0.145226136,0.134602304,0.130557827
MGG_16175,-0.100343332,-0.100343332,-1.495255559,0.098068431,0.099727329,0.154933468,0.146474791,0.136760638
MGG_01557,0.136129985,0.119468121,0.116920788,0.118355807,0.123234328,0.111823185,0.11535435,0.119595156
MGG_03865,0.136129985,0.121182093,0.219988162,0.117216236,0.105678747,0.110031323,0.116164553,0.126505128
MGG_09387,0.119819087,-3.904273091,0.293829207,0.089047287,0.209291521,0.380631269,0.223054721,0.22380115
MGG_03988,0.135269289,0.088184623,0.127352631,0.146469659,0.17169368,0.250401196,0.399199979,0.24946213
MGG_09875,-0.100343332,0.225497297,0.202229191,0.208786331,0.087505675,0.127193022,0.139209956,0.141058408
MGG_01367,0.1194818,0.105059282,0.115888005,0.131006317,0.128861451,0.106647505,0.108388466,0.128313593
MGG_10892,-0.100343332,0.305948197,0.086634319,0.115494403,1.073239745,1.188265955,0.887286897,104.2517722
MGG_08715,0.106729585,-0.100343332,0.752164247,0.090996888,0.111090251,0.168991289,0.147430464,0.15055455
MGG_00703,-0.100343332,5.402469851,0.325438441,0.131877008,0.090816749,0.112171548,0.11420365,0.119980355
MGG_10004,0.136129985,0.171825681,0.144804805,0.117585844,0.112976901,0.10183399,0.096828046,0.109945913
MGG_07234,-0.100343332,0.101138637,0.110791072,0.108502026,0.106291401,0.112327368,0.11352809,0.113520126
MGG_15814,-0.100343332,0.100841749,0.110070887,0.104731422,0.103907466,0.113786683,0.110684547,0.115459642
MGG_12655,0.11197109,-0.100343332,0.123239358,0.087066693,0.114494174,0.1420026,0.14122859,0.150982413
MGG_04325,0.106998637,0.103741536,0.115724427,0.11291525,0.105349906,0.113214419,0.110276318,0.112111904
MGG_11610,0.1194818,0.497805315,0.180358509,0.109898663,0.094628304,0.102758926,0.102300378,0.11370749
MGG_05406,0.135269289,0.090423557,0.118841483,0.126125362,0.106354133,0.107559645,0.109285502,0.111494215
MGG_16718,0.111773981,0.084028326,0.102245604,0.108667016,0.139886606,0.208734237,0.251132714,0.204008102
MGG_02851,-0.100343332,0.096540293,0.143824474,0.103781813,0.088979565,0.105446031,0.101762601,0.108598623
MGG_08300,0.136129985,0.166747446,0.102876751,0.097215755,0.085710608,0.101993123,0.107481875,0.106642683
MGG_00992,0.136129985,0.175792672,0.16544273,0.132064529,0.083134689,0.094499113,0.099407151,0.107274573
MGG_07630,0.1194818,0.233347686,0.223231392,0.104538437,0.081779026,0.097423195,0.107025251,0.109859059
MGG_01064,0.095719362,0.095857919,0.095766389,0.093105784,0.101613755,0.097709206,0.100970142,0.102455051
MGG_01173,0.135269289,0.7531914,0.62369577,0.905232262,0.184725486,0.081290661,0.081732617,0.091537369
MGG_05716,-0.100343332,0.234988722,0.075278704,0.088163827,0.200080452,0.21456315,0.198638542,0.160427167
MGG_07748,0.100696059,0.084583556,0.088445646,0.08759895,0.139883029,0.139693461,0.108627275,0.088397408
MGG_10456,0.135269289,0.176502746,0.092444619,0.108562818,0.097859398,0.083638429,0.083723307,0.087766934
MGG_00081,0.119151781,0.121876202,0.081298768,0.083111503,0.092336977,0.080360541,0.086894413,0.094062138
MGG_13198,0.100224338,0.407137308,0.107483447,0.138906412,0.108545125,0.07345719,0.080588878,0.095151384
MGG_05638,0.09043821,0.240690106,0.07462676,0.072243052,0.089227457,0.106348033,0.105381381,0.108451642
MGG_17276,0.097326239,0.075255515,0.081014426,0.081344503,0.087155459,0.079225601,0.079908782,0.080831901
MGG_09134,0.087093374,0.174679593,0.169247205,0.148759115,0.093906323,0.07223783,0.07129267,0.079047676
MGG_12337,0.085219641,0.067535512,0.065772762,0.072519392,0.091921609,0.107625777,0.110685136,0.109940106
MGG_02647,0.075419773,0.071683994,0.077046647,0.067910707,0.080611121,0.071041554,0.067179087,0.064938409
MGG_10315,0.076252032,0.072883949,0.083411469,0.089640686,0.093245913,0.06549594,0.064147662,0.060876614